{
  "objective": "lambdarank",
  "metric": "ndcg",
  "verbosity": -1,
  "learning_rate": 0.07481049875327808,
  "num_leaves": 47,
  "min_child_samples": 69,
  "subsample": 0.8625439805151279,
  "colsample_bytree": 0.7690892203429518,
  "bagging_freq": 1,
  "seed": 42
}