{
  "objective": "lambdarank",
  "metric": "ndcg",
  "verbosity": -1,
  "learning_rate": 0.01324458134009936,
  "num_leaves": 39,
  "min_child_samples": 22,
  "subsample": 0.8727961206236347,
  "colsample_bytree": 0.677633994480005,
  "bagging_freq": 1,
  "seed": 42
}