{
  "objective": "lambdarank",
  "metric": "ndcg",
  "verbosity": -1,
  "learning_rate": 0.0810329055110366,
  "num_leaves": 45,
  "min_child_samples": 39,
  "subsample": 0.8910677659746269,
  "colsample_bytree": 0.8993035458697959,
  "bagging_freq": 1,
  "seed": 42
}