{
  "objective": "lambdarank",
  "metric": "ndcg",
  "verbosity": -1,
  "learning_rate": 0.05367493007972244,
  "num_leaves": 15,
  "min_child_samples": 54,
  "subsample": 0.8008838754245452,
  "colsample_bytree": 0.6310234933102002,
  "bagging_freq": 1,
  "seed": 42
}